num_loops,max_loop_depth,has_recursion,uses_list,uses_dict,uses_set,lines_of_code,num_functions,uses_append,uses_pop,uses_2d_list,uses_subscript_assignment,uses_sorted,num_if_statements,pattern_label,efficiency_label,source
0,0,1,0,0,0,5,1,0,0,0,0,0,1,recursion,inefficient,generic
2,2,0,0,0,0,7,1,0,0,0,0,0,1,brute_force,inefficient,generic
3,3,0,0,0,0,10,1,0,0,0,0,0,0,brute_force,inefficient,generic
2,2,0,0,0,0,12,1,0,0,0,0,0,2,brute_force,inefficient,generic
3,3,0,0,0,0,10,1,0,0,0,0,0,1,brute_force,inefficient,generic
2,2,0,0,0,0,9,1,0,0,0,0,0,1,brute_force,inefficient,generic
2,2,0,0,0,0,8,1,0,0,0,0,0,1,brute_force,inefficient,generic
3,3,1,1,0,0,16,1,0,0,0,0,0,2,brute_force,inefficient,generic
2,2,1,1,0,0,16,1,0,0,0,0,0,2,brute_force,inefficient,generic
2,2,0,0,0,0,5,0,0,0,0,0,0,1,brute_force,suboptimal,generic
0,0,1,1,0,0,20,2,1,1,0,0,0,1,recursion,inefficient,generic
1,1,1,1,0,0,17,2,1,0,0,0,0,1,recursion,inefficient,generic
0,0,1,0,0,0,7,2,0,0,0,0,0,1,recursion,inefficient,generic
2,2,0,0,0,0,4,0,0,0,0,0,0,0,other,inefficient,generic
2,2,1,1,0,0,14,1,1,0,0,0,0,1,other,inefficient,generic
2,2,1,1,0,0,16,1,1,0,0,0,0,1,other,inefficient,generic
1,1,0,1,0,0,9,1,0,0,0,1,0,0,dynamic_programming,efficient,generic
1,1,0,0,0,0,9,1,0,0,0,0,0,0,dynamic_programming,efficient,generic
1,1,0,1,0,0,10,1,0,0,0,1,0,0,dynamic_programming,efficient,generic
1,1,0,1,0,0,10,1,0,0,0,1,0,0,dynamic_programming,efficient,generic
2,2,0,1,0,0,11,1,0,0,0,1,0,1,dynamic_programming,efficient,generic
4,2,0,1,0,0,20,1,0,0,0,1,0,0,dynamic_programming,efficient,generic
4,2,1,1,0,0,26,1,0,0,0,1,0,1,dynamic_programming,efficient,generic
2,2,1,1,0,0,15,1,0,0,0,1,0,1,dynamic_programming,efficient,generic
2,2,1,1,0,0,17,1,0,0,0,1,0,1,dynamic_programming,efficient,generic
1,1,1,1,0,0,20,1,0,0,0,1,0,3,dynamic_programming,efficient,generic
1,1,1,1,0,0,15,1,0,0,0,0,0,0,dynamic_programming,efficient,generic
0,0,1,0,0,0,7,1,0,0,0,0,0,1,dynamic_programming,inefficient,generic
1,1,1,1,0,0,16,1,0,0,0,0,0,3,dynamic_programming,inefficient,generic
0,0,0,1,0,0,2,0,0,0,0,0,0,0,dynamic_programming,suboptimal,generic
1,1,0,1,0,0,4,0,1,0,0,0,0,0,other,suboptimal,generic
1,1,0,0,1,0,9,1,0,0,0,1,0,1,hashing,efficient,generic
1,1,0,0,1,0,7,1,0,0,0,1,0,0,hashing,efficient,generic
1,1,0,0,0,0,9,1,0,0,0,0,0,1,hashing,efficient,generic
2,1,0,0,1,0,13,1,0,0,0,1,0,2,hashing,efficient,generic
1,1,1,1,1,0,14,1,0,0,0,1,0,1,hashing,efficient,generic
1,1,1,1,0,0,13,1,0,0,0,0,0,1,hashing,efficient,generic
2,1,1,0,1,0,18,1,0,0,0,1,0,2,hashing,efficient,generic
2,1,1,1,1,0,15,1,1,0,0,1,0,0,hashing,efficient,generic
2,2,1,1,0,0,19,1,0,0,0,0,0,1,hashing,efficient,generic
2,1,1,0,1,0,14,1,0,0,0,1,0,1,hashing,efficient,generic
1,1,1,1,1,0,17,1,0,0,0,1,0,1,hashing,efficient,generic
1,1,1,1,0,0,12,1,0,0,0,0,0,1,hashing,efficient,generic
1,1,1,1,1,0,12,1,0,0,0,1,1,0,hashing,efficient,generic
1,1,1,0,1,0,17,1,0,0,0,1,0,2,hashing,efficient,generic
1,1,1,1,0,0,12,1,0,0,0,0,0,1,hashing,efficient,generic
0,0,1,0,0,0,4,1,0,0,0,0,0,1,recursion,suboptimal,generic
0,0,1,1,0,0,8,1,0,0,0,0,0,1,recursion,suboptimal,generic
0,0,1,1,0,0,11,1,0,0,0,0,0,1,recursion,suboptimal,generic
1,1,0,0,0,0,3,0,0,0,0,0,0,0,recursion,inefficient,generic
1,1,0,0,0,0,5,0,0,0,0,0,0,1,other,suboptimal,generic
2,2,0,0,1,0,6,0,0,0,0,1,0,0,brute_force,inefficient,generic
2,2,1,1,1,0,14,1,1,0,0,0,0,1,brute_force,inefficient,generic
2,2,1,0,1,0,14,1,0,0,0,0,0,1,brute_force,inefficient,generic
2,2,0,1,0,0,5,0,1,0,0,0,0,0,brute_force,inefficient,generic
2,2,1,1,0,0,14,1,1,0,0,0,0,1,brute_force,inefficient,generic
2,2,1,1,0,0,15,1,1,0,0,0,0,1,brute_force,inefficient,generic
1,1,1,1,0,0,19,2,0,0,0,1,0,1,other,efficient,generic
0,0,1,1,0,0,7,1,1,0,0,0,0,1,recursion,inefficient,generic
0,0,1,0,0,0,6,1,0,0,0,0,0,1,recursion,inefficient,generic
0,0,1,0,0,0,12,1,0,0,0,0,0,3,recursion,inefficient,generic
0,0,1,0,0,0,6,1,0,0,0,0,0,1,recursion,inefficient,generic
0,0,1,0,0,0,6,1,0,0,0,0,0,1,recursion,inefficient,generic
0,0,1,0,0,0,7,1,0,0,0,0,0,1,recursion,inefficient,generic
0,0,1,0,0,0,7,1,0,0,0,0,0,1,recursion,inefficient,generic
1,1,0,0,0,0,3,0,0,0,0,0,0,0,other,efficient,generic
1,1,0,1,0,0,3,0,0,1,0,0,0,0,stack,suboptimal,generic
2,1,0,1,0,0,11,1,1,1,0,0,0,0,stack,suboptimal,generic
2,2,0,1,0,0,11,1,1,1,0,0,0,0,stack,suboptimal,generic
1,1,0,1,0,0,14,1,1,1,0,0,0,2,stack,suboptimal,generic
2,2,0,1,0,0,13,1,1,1,0,1,0,0,stack,suboptimal,generic
1,1,0,1,0,0,14,1,1,1,0,0,0,1,stack,suboptimal,generic
1,1,0,1,0,0,12,1,1,1,0,0,0,1,stack,suboptimal,generic
1,1,1,1,0,0,17,1,1,1,0,0,0,3,stack,suboptimal,generic
3,2,1,1,0,0,17,1,1,1,0,0,0,0,stack,suboptimal,generic
2,2,1,1,0,0,16,1,1,1,0,0,0,0,stack,suboptimal,generic
1,1,1,1,0,0,22,1,1,1,0,0,0,3,stack,suboptimal,generic
3,3,0,0,0,0,5,0,0,0,0,0,0,0,other,inefficient,generic
3,3,1,1,0,0,16,1,0,0,0,0,0,2,other,inefficient,generic
1,1,0,0,0,0,15,1,0,0,0,0,0,2,two_pointer,efficient,generic
1,1,0,0,0,0,13,1,0,0,0,0,0,1,two_pointer,efficient,generic
1,1,0,0,0,0,9,1,0,0,0,1,0,1,two_pointer,efficient,generic
1,1,0,1,0,0,15,1,1,0,0,0,0,1,two_pointer,efficient,generic
1,1,1,1,0,0,18,1,0,0,0,0,0,2,two_pointer,efficient,generic
1,1,1,1,0,0,16,1,0,0,0,1,0,2,two_pointer,efficient,generic
1,1,1,1,0,0,18,1,0,0,0,0,0,1,two_pointer,efficient,generic
1,1,1,1,0,0,12,1,0,0,0,0,0,1,two_pointer,efficient,generic
1,1,1,0,0,0,19,1,0,0,0,0,0,3,two_pointer,efficient,generic
1,1,1,1,0,0,20,1,1,0,0,0,0,1,two_pointer,efficient,generic
1,1,1,1,0,0,19,1,0,0,0,1,0,1,two_pointer,efficient,generic
2,2,1,1,0,0,24,1,1,0,0,0,0,2,two_pointer,efficient,generic
1,1,1,1,0,0,13,1,0,0,0,0,0,0,two_pointer,efficient,generic
1,1,1,1,0,0,20,1,0,0,0,0,0,3,two_pointer,efficient,generic
1,1,1,1,0,0,16,1,0,0,0,0,0,2,two_pointer,efficient,generic
1,1,0,0,0,0,4,0,0,0,0,0,0,0,other,efficient,generic
2,2,0,0,0,0,26,1,0,0,0,0,0,1,brute_force,inefficient,problem_aware
1,1,0,0,1,0,16,1,0,0,0,1,0,1,hashing,efficient,problem_aware
2,2,0,0,0,0,25,1,0,0,0,0,0,0,hashing,efficient,problem_aware
0,0,1,0,0,1,15,2,0,0,0,0,0,1,recursion,inefficient,problem_aware
2,2,0,0,0,0,17,1,0,0,0,0,0,1,other,suboptimal,problem_aware
2,2,0,0,0,0,14,1,0,0,0,0,0,0,brute_force,inefficient,problem_aware
2,1,1,0,0,0,32,3,0,0,0,0,0,1,other,suboptimal,problem_aware
1,1,0,1,0,0,13,1,0,0,0,1,0,0,dynamic_programming,efficient,problem_aware
1,1,0,0,0,0,13,1,0,0,0,0,0,0,dynamic_programming,efficient,problem_aware
3,2,0,1,0,0,18,1,0,0,0,1,0,0,other,suboptimal,problem_aware
1,1,0,0,0,0,19,2,0,0,0,0,0,0,other,efficient,problem_aware
1,1,0,0,0,0,20,2,0,0,0,0,0,0,other,inefficient,problem_aware
0,0,1,0,0,0,18,3,0,0,0,0,0,1,recursion,suboptimal,problem_aware
0,0,1,0,0,0,18,2,0,0,0,0,0,1,recursion,suboptimal,problem_aware
2,1,0,1,0,0,27,2,1,1,0,0,0,0,stack,suboptimal,problem_aware
2,2,0,1,0,0,14,1,0,0,0,0,0,1,brute_force,inefficient,problem_aware
1,1,0,1,1,0,15,1,0,0,0,1,0,1,hashing,efficient,problem_aware
2,2,0,1,1,0,14,1,0,0,0,1,0,1,hashing,suboptimal,problem_aware
3,2,0,1,0,0,18,1,1,0,0,0,0,1,two_pointer,inefficient,problem_aware
0,0,1,1,0,0,14,2,0,0,0,0,0,3,two_pointer,inefficient,problem_aware
1,1,0,1,0,0,20,1,0,0,0,0,0,2,two_pointer,suboptimal,problem_aware
1,1,0,0,0,0,18,1,0,0,0,0,0,0,brute_force,suboptimal,problem_aware
1,1,0,0,0,0,14,1,0,0,0,0,0,3,hashing,inefficient,problem_aware
2,2,0,1,0,0,17,1,0,0,0,0,0,2,brute_force,inefficient,problem_aware
0,0,1,1,0,0,22,2,0,0,0,0,0,4,recursion,suboptimal,problem_aware
1,1,0,1,1,0,24,1,1,1,0,0,0,2,stack,efficient,problem_aware
